m,beta,d,b_batch,gap_mean,gap_std,gap_var
100,0,2,1,2.9997512437810947,0.842832006836521,0.7103657917480775
100,0,4,1,1.6380597014925373,0.39867465402129,0.15894147975899525
100,0,6,1,1.4276119402985075,0.35703311018553613,0.12747264176875717
100,0,8,1,1.3758706467661692,0.3417627178106117,0.11680175528529578
100,1,2,1,1.9694029850746269,0.45627273657911055,0.20818481014539042
100,1,4,1,1.2196517412935324,0.2973658673145855,0.08842645904375565
100,1,6,1,1.004228855721393,0.35317591627673783,0.12473322783791334
100,1,8,1,0.8335820895522388,0.3115163135637338,0.09704241361633854
